{
  "voo": 0.0,
  "vtwg": 0.0,
  "cnrg": 0.84975,
  "btc_usd": 0.15025,
  "aapl": 0.0
}